日付け,終値,始値,高値,安値,出来高,前日比%
1990年2月,34592.00 ,37242.00 ,37887.00 ,32443.00 ,-,-6.98%
1990年3月,29980.00 ,34587.00 ,34588.00 ,28830.00 ,-,-13.33%
1990年4月,29585.00 ,29980.00 ,30524.00 ,27251.00 ,-,-1.32%
1990年5月,33131.00 ,29594.00 ,33228.00 ,29519.00 ,-,11.99%
1990年6月,31940.00 ,33110.00 ,33345.00 ,31086.00 ,-,-3.59%
1990年7月,31036.00 ,31924.00 ,33187.00 ,30297.00 ,-,-2.83%
1990年8月,25978.00 ,31086.00 ,31372.00 ,23547.00 ,-,-16.30%
1990年9月,20984.00 ,26014.00 ,26163.00 ,20671.00 ,-,-19.22%
1990年10月,25194.00 ,20986.00 ,25486.00 ,19782.00 ,-,20.06%
1990年11月,22455.00 ,25160.00 ,25160.00 ,21934.00 ,-,-10.87%
1990年12月,23849.00 ,22457.00 ,25064.00 ,21627.00 ,-,6.21%
1991年1月,23293.00 ,23827.00 ,24110.00 ,22100.00 ,-,-2.33%
1991年2月,26409.00 ,23271.00 ,26710.00 ,22860.00 ,-,13.38%
1991年3月,26292.00 ,26389.00 ,27270.00 ,25786.00 ,-,-0.44%
1991年4月,26111.00 ,26238.00 ,27092.00 ,25914.00 ,-,-0.69%
1991年5月,25790.00 ,26194.00 ,26649.00 ,25228.00 ,-,-1.23%
1991年6月,23291.00 ,25841.00 ,26017.00 ,23215.00 ,-,-9.69%
1991年7月,24121.00 ,23377.00 ,24322.00 ,21731.00 ,-,3.56%
1991年8月,22336.00 ,24074.00 ,24084.00 ,21309.00 ,-,-7.40%
1991年9月,23916.00 ,22329.00 ,24158.00 ,22175.00 ,-,7.07%
1991年10月,25222.00 ,23910.00 ,25255.00 ,23861.00 ,-,5.46%
1991年11月,22687.00 ,25167.00 ,25167.00 ,22538.00 ,-,-10.05%
1991年12月,22984.00 ,22646.00 ,23022.00 ,21124.00 ,-,1.31%
1992年1月,22023.00 ,23031.00 ,23902.00 ,20638.00 ,-,-4.18%
1992年2月,21339.00 ,22076.00 ,22373.00 ,20486.00 ,-,-3.11%
1992年3月,19346.00 ,21348.00 ,21551.00 ,19343.00 ,-,-9.34%
1992年4月,17391.00 ,19325.00 ,19325.00 ,16572.00 ,-,-10.11%
1992年5月,18348.00 ,17375.00 ,19004.00 ,17273.00 ,-,5.50%
1992年6月,15952.00 ,18328.00 ,18503.00 ,15642.00 ,-,-13.06%
1992年7月,15910.00 ,15961.00 ,17274.00 ,15025.00 ,-,-0.26%
1992年8月,18061.00 ,15903.00 ,18169.00 ,14194.00 ,-,13.52%
1992年9月,17399.00 ,18058.00 ,19284.00 ,17396.00 ,-,-3.67%
1992年10月,16767.00 ,17422.00 ,17714.00 ,16675.00 ,-,-3.63%
1992年11月,17684.00 ,16733.00 ,17684.00 ,15942.00 ,-,5.47%
1992年12月,16925.00 ,17675.00 ,17788.00 ,16892.00 ,-,-4.29%
1993年1月,17024.00 ,16980.00 ,17178.00 ,16216.00 ,-,0.58%
1993年2月,16953.00 ,17038.00 ,17419.00 ,16751.00 ,-,-0.42%
1993年3月,18591.00 ,16956.00 ,19126.00 ,16721.00 ,-,9.66%
1993年4月,20919.00 ,18596.00 ,20919.00 ,18527.00 ,-,12.52%
1993年5月,20552.00 ,20939.00 ,21225.00 ,20123.00 ,-,-1.75%
1993年6月,19590.00 ,20532.00 ,21223.00 ,19040.00 ,-,-4.68%
1993年7月,20380.00 ,19639.00 ,20546.00 ,19545.00 ,-,4.03%
1993年8月,21027.00 ,20393.00 ,21030.00 ,20231.00 ,-,3.17%
1993年9月,20106.00 ,20929.00 ,21281.00 ,19928.00 ,-,-4.38%
1993年10月,19703.00 ,20097.00 ,20530.00 ,19444.00 ,-,-2.00%
1993年11月,16407.00 ,19657.00 ,19657.00 ,15672.00 ,-,-16.73%
1993年12月,17417.00 ,16450.00 ,18052.00 ,16217.00 ,-,6.16%
1994年1月,20229.00 ,17422.00 ,20229.00 ,17242.00 ,-,16.15%
1994年2月,19997.00 ,20256.00 ,20526.00 ,18769.00 ,-,-1.15%
1994年3月,19112.00 ,20053.00 ,20782.00 ,19083.00 ,-,-4.43%
1994年4月,19725.00 ,19162.00 ,20495.00 ,18896.00 ,-,3.21%
1994年5月,20974.00 ,19649.00 ,21049.00 ,19489.00 ,-,6.33%
1994年6月,20644.00 ,20989.00 ,21573.00 ,20169.00 ,-,-1.57%
1994年7月,20449.00 ,20618.00 ,20908.00 ,19994.00 ,-,-0.94%
1994年8月,20629.00 ,20422.00 ,20876.00 ,20271.00 ,-,0.88%
1994年9月,19564.00 ,20634.00 ,20701.00 ,19414.00 ,-,-5.16%
1994年10月,19990.00 ,19580.00 ,20177.00 ,19488.00 ,-,2.18%
1994年11月,19076.00 ,19929.00 ,19929.00 ,18666.00 ,-,-4.57%
1994年12月,19723.00 ,19061.00 ,19833.00 ,18823.00 ,-,3.39%
1995年1月,18650.00 ,19725.00 ,19725.00 ,17699.00 ,-,-5.44%
1995年2月,17053.00 ,18647.00 ,18869.00 ,16518.00 ,-,-8.56%
1995年3月,16140.00 ,17018.00 ,17162.00 ,15424.00 ,-,-5.35%
1995年4月,16807.00 ,16080.00 ,17110.00 ,15256.00 ,-,4.13%
1995年5月,15437.00 ,16820.00 ,17190.00 ,15292.00 ,-,-8.15%
1995年6月,14517.00 ,15481.00 ,16016.00 ,14376.00 ,-,-5.96%
1995年7月,16678.00 ,14519.00 ,17018.00 ,14296.00 ,-,14.89%
1995年8月,18117.00 ,16645.00 ,18300.00 ,16274.00 ,-,8.63%
1995年9月,17913.00 ,18053.00 ,18848.00 ,17503.00 ,-,-1.13%
1995年10月,17655.00 ,17921.00 ,18547.00 ,17337.00 ,-,-1.44%
1995年11月,18744.00 ,17623.00 ,18847.00 ,17409.00 ,-,6.17%
1995年12月,19868.00 ,18752.00 ,20024.00 ,18696.00 ,-,6.00%
1996年1月,20813.00 ,19946.00 ,21022.00 ,19946.00 ,-,4.76%
1996年2月,20125.00 ,20806.00 ,21157.00 ,19879.00 ,-,-3.31%
1996年3月,21407.00 ,20094.00 ,21486.00 ,19628.00 ,-,6.37%
1996年4月,22041.00 ,21451.00 ,22348.00 ,21350.00 ,-,2.96%
1996年5月,21956.00 ,22031.00 ,22311.00 ,21171.00 ,-,-0.39%
1996年6月,22531.00 ,21971.00 ,22757.00 ,21589.00 ,-,2.62%
1996年7月,20693.00 ,22568.00 ,22600.00 ,20628.00 ,-,-8.16%
1996年8月,20167.00 ,20665.00 ,21398.00 ,20092.00 ,-,-2.54%
1996年9月,21556.00 ,20187.00 ,21604.00 ,19920.00 ,-,6.89%
1996年10月,20467.00 ,21533.00 ,21789.00 ,20450.00 ,-,-5.05%
1996年11月,21020.00 ,20498.00 ,21461.00 ,20388.00 ,-,2.70%
1996年12月,19361.00 ,21035.00 ,21068.00 ,18820.00 ,-,-7.89%
1997年1月,18330.00 ,19364.00 ,19501.00 ,17020.00 ,-,-5.33%
1997年2月,18557.00 ,18308.00 ,19229.00 ,17792.00 ,-,1.24%
1997年3月,18003.00 ,18517.00 ,18750.00 ,17617.00 ,-,-2.99%
1997年4月,19151.00 ,17935.00 ,19195.00 ,17448.00 ,-,6.38%
1997年5月,20069.00 ,19232.00 ,20612.00 ,19188.00 ,-,4.79%
1997年6月,20605.00 ,20084.00 ,20911.00 ,20041.00 ,-,2.67%
1997年7月,20331.00 ,20562.00 ,20699.00 ,19496.00 ,-,-1.33%
1997年8月,18229.00 ,20345.00 ,20399.00 ,17974.00 ,-,-10.34%
1997年9月,17888.00 ,18215.00 ,18775.00 ,17564.00 ,-,-1.87%
1997年10月,16459.00 ,17820.00 ,17937.00 ,16082.00 ,-,-7.99%
1997年11月,16633.00 ,16494.00 ,17006.00 ,14966.00 ,-,1.06%
1997年12月,15259.00 ,16594.00 ,17118.00 ,14569.00 ,-,-8.26%
1998年1月,16628.00 ,15269.00 ,17353.00 ,14546.00 ,-,8.97%
1998年2月,16832.00 ,16685.00 ,17256.00 ,15932.00 ,-,1.23%
1998年3月,16527.00 ,16901.00 ,17352.00 ,16178.00 ,-,-1.81%
1998年4月,15641.26 ,16433.00 ,16624.00 ,15334.47 ,-,-5.36%
1998年5月,15670.78 ,15656.14 ,15972.88 ,15020.05 ,-,0.19%
1998年6月,15830.27 ,15670.73 ,15830.47 ,14614.74 ,-,1.02%
1998年7月,16378.97 ,15852.10 ,16756.89 ,15739.76 ,-,3.47%
1998年8月,14107.89 ,16303.60 ,16303.60 ,13792.76 ,-,-13.87%
1998年9月,13406.39 ,13979.82 ,15294.26 ,13406.39 ,-,-4.97%
1998年10月,13564.51 ,13377.24 ,14742.44 ,12787.90 ,-,1.18%
1998年11月,14883.70 ,13648.28 ,15320.23 ,13648.28 ,-,9.73%
1998年12月,13842.17 ,14821.53 ,15011.09 ,13657.03 ,-,-7.00%
1999年1月,14499.25 ,13779.05 ,14628.88 ,13122.61 ,-,4.75%
1999年2月,14367.54 ,14544.12 ,14641.41 ,13769.25 ,-,-0.91%
1999年3月,15836.59 ,14362.86 ,16437.23 ,13921.06 ,-,10.22%
1999年4月,16701.53 ,15868.05 ,17166.06 ,15813.41 ,-,5.46%
1999年5月,16111.65 ,16762.78 ,17300.61 ,15886.62 ,-,-3.53%
1999年6月,17529.74 ,16090.15 ,17958.34 ,16026.95 ,-,8.80%
1999年7月,17861.86 ,17607.60 ,18623.15 ,17367.08 ,-,1.89%
1999年8月,17436.56 ,17827.24 ,18397.93 ,17040.72 ,-,-2.38%
1999年9月,17605.46 ,17479.57 ,17988.59 ,16652.04 ,-,0.97%
1999年10月,17942.08 ,17589.73 ,18228.39 ,17178.47 ,-,1.91%
1999年11月,18558.23 ,17982.39 ,19036.08 ,17857.11 ,-,3.43%
1999年12月,18934.34 ,18563.26 ,18960.33 ,18006.32 ,-,2.03%
2000年1月,19539.70 ,18937.45 ,19595.83 ,18068.10 ,-,3.20%
2000年2月,19959.52 ,19536.68 ,20046.14 ,19266.96 ,-,2.15%
2000年3月,20337.32 ,20030.08 ,20809.79 ,18765.88 ,-,1.89%
2000年4月,17973.70 ,20327.79 ,20833.21 ,17926.43 ,-,-11.62%
2000年5月,16332.45 ,17979.25 ,18586.16 ,15870.25 ,-,-9.13%
2000年6月,17411.05 ,16320.08 ,17511.32 ,16289.92 ,-,6.60%
2000年7月,15727.49 ,17451.65 ,17661.11 ,15394.71 ,-,-9.67%
2000年8月,16861.26 ,15784.60 ,17210.80 ,15557.33 ,-,7.21%
2000年9月,15747.26 ,16915.04 ,17018.52 ,15621.88 ,-,-6.61%
2000年10月,14539.60 ,15735.71 ,16192.78 ,14333.16 ,-,-7.67%
2000年11月,14648.51 ,14557.45 ,15602.39 ,14172.64 ,-,0.75%
2000年12月,13785.69 ,14600.53 ,15273.40 ,13182.51 ,-,-5.89%
2001年1月,13843.55 ,13898.09 ,14186.62 ,13123.81 ,-,0.42%
2001年2月,12883.54 ,13740.92 ,13862.29 ,12784.17 ,-,-6.93%
2001年3月,12999.70 ,12811.52 ,13867.58 ,11433.88 ,-,0.90%
2001年4月,13934.32 ,13057.65 ,14099.49 ,12579.56 ,-,7.19%
2001年5月,13262.14 ,14096.32 ,14556.11 ,13216.57 ,-,-4.82%
2001年6月,12969.05 ,13365.08 ,13510.70 ,12511.66 ,-,-2.21%
2001年7月,11860.77 ,12929.66 ,12929.66 ,11531.68 ,-,-8.55%
2001年8月,10713.51 ,11920.64 ,12407.37 ,10684.16 ,-,-9.67%
2001年9月,9774.68 ,10729.60 ,10812.89 ,9382.95 ,-,-8.76%
2001年10月,10366.34 ,9766.75 ,11052.01 ,9604.09 ,-,6.05%
2001年11月,10697.44 ,10430.59 ,11186.75 ,9955.09 ,-,3.19%
2001年12月,10542.62 ,10694.65 ,11052.51 ,10170.90 ,-,-1.45%
2002年1月,9997.80 ,10631.00 ,10979.92 ,9843.12 ,-,-5.17%
2002年2月,10587.83 ,10026.96 ,10798.67 ,9420.85 ,-,5.90%
2002年3月,11024.94 ,10641.36 ,12034.04 ,10540.31 ,-,4.13%
2002年4月,11492.54 ,11106.07 ,11812.99 ,10896.12 ,-,4.24%
2002年5月,11763.70 ,11540.09 ,12081.43 ,11250.86 ,-,2.36%
2002年6月,10621.84 ,11804.04 ,11905.16 ,10060.72 ,-,-9.71%
2002年7月,9877.94 ,10655.00 ,11050.69 ,9547.85 ,-,-7.00%
2002年8月,9619.30 ,9912.59 ,10162.30 ,9439.41 ,-,-2.62%
2002年9月,9383.29 ,9564.90 ,9884.60 ,8969.26 ,-,-2.45%
2002年10月,8640.48 ,9289.53 ,9293.86 ,8197.22 ,-,-7.92%
2002年11月,9215.56 ,8651.67 ,9294.10 ,8246.53 ,-,6.66%
2002年12月,8578.95 ,9208.61 ,9320.11 ,8256.52 ,-,-6.91%
2003年1月,8339.94 ,8669.89 ,8829.06 ,8237.03 ,-,-2.79%
2003年2月,8363.04 ,8285.55 ,8821.31 ,8253.76 ,-,0.28%
2003年3月,7972.71 ,8397.15 ,8509.43 ,7824.82 ,-,-4.67%
2003年4月,7831.42 ,7907.13 ,8249.98 ,7603.76 ,-,-1.77%
2003年5月,8424.51 ,7804.03 ,8461.73 ,7745.69 ,-,7.57%
2003年6月,9083.11 ,8490.22 ,9188.95 ,8488.89 ,1.72M,7.82%
2003年7月,9563.21 ,9097.61 ,10070.11 ,9078.74 ,1.89M,5.29%
2003年8月,10343.55 ,9646.66 ,10415.53 ,9224.05 ,1.74M,8.16%
2003年9月,10219.05 ,10399.53 ,11160.19 ,10148.36 ,1.83M,-1.20%
2003年10月,10559.59 ,10232.57 ,11238.63 ,10173.54 ,1.96M,3.33%
2003年11月,10100.57 ,10693.66 ,10869.35 ,9614.60 ,1.27M,-4.35%
2003年12月,10676.64 ,10006.13 ,10681.28 ,9859.00 ,1.27M,5.70%
2004年1月,10783.61 ,10787.83 ,11193.64 ,10665.15 ,1.44M,1.00%
2004年2月,11041.92 ,10784.93 ,11069.28 ,10299.43 ,1.28M,2.40%
2004年3月,11715.39 ,11112.68 ,11869.00 ,11045.94 ,2.43M,6.10%
2004年4月,11761.79 ,11756.16 ,12195.66 ,11623.65 ,2.43M,0.40%
2004年5月,11236.37 ,11777.44 ,11785.26 ,10489.84 ,1.70M,-4.47%
2004年6月,11858.87 ,11204.69 ,11887.95 ,10963.56 ,1.70M,5.54%
2004年7月,11325.78 ,11933.33 ,11988.12 ,11018.79 ,1.37M,-4.50%
2004年8月,11081.79 ,11274.45 ,11279.71 ,10545.89 ,1.48M,-2.15%
2004年9月,10823.57 ,11104.85 ,11357.85 ,10737.78 ,1.67M,-2.33%
2004年10月,10771.42 ,10893.19 ,11410.40 ,10575.23 ,1.59M,-0.48%
2004年11月,10899.25 ,10731.02 ,11268.81 ,10690.95 ,1.40M,1.19%
2004年12月,11488.76 ,10790.45 ,11500.95 ,10721.59 ,1.44M,5.41%
2005年1月,11387.59 ,11458.27 ,11580.69 ,11212.63 ,1.62M,-0.88%
2005年2月,11740.60 ,11422.02 ,11754.90 ,11271.04 ,1.67M,3.10%
2005年3月,11668.95 ,11734.14 ,11975.46 ,11506.85 ,2.03M,-0.61%
2005年4月,11008.90 ,11590.45 ,11911.90 ,10770.58 ,1.67M,-5.66%
2005年5月,11276.59 ,10954.21 ,11302.52 ,10788.59 ,1.45M,2.43%
2005年6月,11584.01 ,11220.94 ,11594.57 ,11148.36 ,1.62M,2.73%
2005年7月,11899.60 ,11573.37 ,11913.50 ,11540.93 ,1.43M,2.72%
2005年8月,12413.60 ,11907.42 ,12612.16 ,11614.71 ,2.34M,4.32%
2005年9月,13574.30 ,12501.43 ,13678.44 ,12498.40 ,3.27M,9.35%
2005年10月,13606.50 ,13566.20 ,13783.60 ,12996.29 ,3.28M,0.24%
2005年11月,14872.15 ,13718.21 ,15013.24 ,13706.33 ,3.47M,9.30%
2005年12月,16111.43 ,14914.75 ,16445.56 ,14880.18 ,3.24M,8.33%
2006年1月,16649.82 ,16294.65 ,16754.60 ,15059.52 ,2.68M,3.34%
2006年2月,16205.43 ,16594.90 ,16777.37 ,15389.58 ,2.77M,-2.67%
2006年3月,17059.66 ,16026.82 ,17125.64 ,15553.14 ,2.39M,5.27%
2006年4月,16906.23 ,17127.61 ,17563.37 ,16750.50 ,2.15M,-0.90%
2006年5月,15467.33 ,16929.83 ,17375.25 ,15442.53 ,2.34M,-8.51%
2006年6月,15505.18 ,15603.25 ,15789.31 ,14045.53 ,2.53M,0.24%
2006年7月,15456.81 ,15573.35 ,15710.39 ,14437.24 ,2.09M,-0.31%
2006年8月,16140.76 ,15387.52 ,16244.84 ,15154.06 ,2.28M,4.42%
2006年9月,16127.58 ,16072.81 ,16414.94 ,15513.87 ,2.06M,-0.08%
2006年10月,16399.39 ,16169.00 ,16901.53 ,16028.32 ,2.21M,1.69%
2006年11月,16274.33 ,16338.72 ,16512.51 ,15615.56 ,2.14M,-0.76%
2006年12月,17225.83 ,16313.02 ,17301.69 ,16185.92 ,2.42M,5.85%
2007年1月,17383.42 ,17322.50 ,17617.64 ,16758.46 ,2.67M,0.91%
2007年2月,17604.12 ,17377.03 ,18300.39 ,17199.66 ,3.26M,1.27%
2007年3月,17287.65 ,17542.23 ,17558.04 ,16532.91 ,3.40M,-1.80%
2007年4月,17400.41 ,17346.25 ,17782.08 ,16999.05 ,2.60M,0.65%
2007年5月,17875.75 ,17396.30 ,17875.75 ,17203.03 ,2.76M,2.73%
2007年6月,18138.36 ,17949.92 ,18297.00 ,17591.93 ,2.73M,1.47%
2007年7月,17248.89 ,18139.04 ,18295.27 ,17042.66 ,2.64M,-4.90%
2007年8月,16569.09 ,17169.20 ,17274.33 ,15262.10 ,3.20M,-3.94%
2007年9月,16785.69 ,16511.07 ,16929.26 ,15610.65 ,20.69B,1.31%
2007年10月,16737.63 ,16773.10 ,17488.97 ,16199.02 ,26.33B,-0.29%
2007年11月,15680.67 ,16812.90 ,16887.04 ,14669.85 ,30.90B,-6.31%
2007年12月,15307.78 ,15747.47 ,16107.65 ,14998.01 ,23.31B,-2.38%
2008年1月,13592.47 ,15155.73 ,15156.66 ,12572.68 ,31.14B,-11.21%
2008年2月,13603.02 ,13517.74 ,14105.47 ,12923.42 ,29.16B,0.08%
2008年3月,12525.54 ,13412.87 ,13413.63 ,11691.00 ,28.21B,-7.92%
2008年4月,13849.99 ,12539.80 ,14003.28 ,12521.84 ,25.73B,10.57%
2008年5月,14338.54 ,13802.59 ,14392.53 ,13540.68 ,27.00B,3.53%
2008年6月,13481.38 ,14342.96 ,14601.27 ,13453.35 ,28.26B,-5.98%
2008年7月,13376.81 ,13514.86 ,13603.31 ,12671.34 ,26.59B,-0.78%
2008年8月,13072.87 ,13276.57 ,13468.81 ,12631.94 ,24.43B,-2.27%
2008年9月,11259.86 ,12936.81 ,12940.55 ,11160.83 ,29.06B,-13.87%
2008年10月,8576.98 ,11396.61 ,11456.64 ,6994.90 ,42.67B,-23.83%
2008年11月,8512.27 ,8702.77 ,9521.24 ,7406.18 ,28.50B,-0.75%
2008年12月,8859.56 ,8464.36 ,8859.56 ,7849.84 ,26.64B,4.08%
2009年1月,7994.05 ,8991.21 ,9325.35 ,7671.04 ,26.55B,-9.77%
2009年2月,7568.42 ,7908.51 ,8257.71 ,7155.16 ,28.09B,-5.32%
2009年3月,8109.53 ,7454.28 ,8843.18 ,7021.28 ,33.77B,7.15%
2009年4月,8828.26 ,8173.36 ,9068.80 ,8084.62 ,37.98B,8.86%
2009年5月,9522.50 ,8848.84 ,9522.50 ,8827.13 ,30.07B,7.86%
2009年6月,9958.44 ,9517.49 ,10170.82 ,9491.26 ,37.96B,4.58%
2009年7月,10356.83 ,9889.34 ,10359.07 ,9050.33 ,33.93B,4.00%
2009年8月,10492.53 ,10355.23 ,10767.00 ,10142.22 ,29.27B,1.31%
2009年9月,10133.23 ,10453.37 ,10577.19 ,9971.05 ,25.85B,-3.42%
2009年10月,10034.74 ,10072.64 ,10397.69 ,9628.67 ,31.34B,-0.97%
2009年11月,9345.55 ,9903.77 ,9979.46 ,9076.41 ,27.60B,-6.87%
2009年12月,10546.44 ,9281.82 ,10707.51 ,9233.20 ,33.35B,12.85%
2010年1月,10198.04 ,10609.34 ,10982.10 ,10198.04 ,34.61B,-3.30%
2010年2月,10126.03 ,10212.36 ,10449.75 ,9867.39 ,24.86B,-0.71%
2010年3月,11089.94 ,10128.73 ,11147.62 ,10116.86 ,28.40B,9.52%
2010年4月,11057.40 ,11178.92 ,11408.17 ,10865.92 ,30.39B,-0.29%
2010年5月,9768.70 ,10847.90 ,10847.90 ,9395.29 ,31.69B,-11.65%
2010年6月,9382.64 ,9747.26 ,10251.90 ,9347.07 ,26.99B,-3.95%
2010年7月,9537.30 ,9296.86 ,9807.36 ,9091.70 ,29.38B,1.65%
2010年8月,8824.06 ,9574.64 ,9750.88 ,8807.41 ,25.52B,-7.48%
2010年9月,9369.35 ,8833.32 ,9704.25 ,8796.45 ,24.80B,6.18%
2010年10月,9202.45 ,9440.52 ,9716.92 ,9179.15 ,29.22B,-1.78%
2010年11月,9937.04 ,9166.85 ,10157.97 ,9123.62 ,27.36B,7.98%
2010年12月,10228.92 ,9939.80 ,10394.22 ,9918.55 ,26.38B,2.94%
2011年1月,10237.92 ,10352.19 ,10620.57 ,10182.57 ,27.36B,0.09%
2011年2月,10624.09 ,10281.55 ,10891.60 ,10245.75 ,31.25B,3.77%
2011年3月,9755.10 ,10676.24 ,10768.43 ,8227.63 ,47.92B,-8.18%
2011年4月,9849.74 ,9757.28 ,9849.74 ,9405.19 ,29.91B,0.97%
2011年5月,9693.73 ,9964.39 ,10017.47 ,9406.04 ,24.76B,-1.58%
2011年6月,9816.09 ,9708.05 ,9849.69 ,9318.62 ,28.90B,1.26%
2011年7月,9833.03 ,9878.69 ,10207.91 ,9824.34 ,24.51B,0.17%
2011年8月,8955.20 ,9907.04 ,10040.13 ,8619.21 ,34.29B,-8.93%
2011年9月,8700.29 ,9017.01 ,9098.15 ,8359.70 ,26.64B,-2.85%
2011年10月,8988.39 ,8567.98 ,9152.39 ,8343.01 ,23.72B,3.31%
2011年11月,8434.61 ,8880.75 ,8946.00 ,8135.79 ,22.76B,-6.16%
2011年12月,8455.35 ,8581.20 ,8729.81 ,8272.26 ,20.86B,0.25%
2012年1月,8802.51 ,8549.54 ,8911.62 ,8349.33 ,21.54B,4.11%
2012年2月,9723.24 ,8789.06 ,9866.41 ,8780.10 ,34.56B,10.46%
2012年3月,10083.56 ,9771.34 ,10255.15 ,9509.10 ,33.41B,3.71%
2012年4月,9520.89 ,10161.72 ,10190.35 ,9388.14 ,25.48B,-5.58%
2012年5月,8542.73 ,9471.66 ,9472.25 ,8455.13 ,27.13B,-10.27%
2012年6月,9006.78 ,8465.47 ,9044.04 ,8238.96 ,25.49B,5.43%
2012年7月,8695.06 ,9103.79 ,9136.02 ,8328.02 ,24.58B,-3.46%
2012年8月,8839.91 ,8622.04 ,9222.87 ,8513.20 ,25.72B,1.67%
2012年9月,8870.16 ,8836.61 ,9288.53 ,8646.03 ,24.04B,0.34%
2012年10月,8928.29 ,8815.07 ,9075.59 ,8488.14 ,27.39B,0.66%
2012年11月,9446.01 ,8931.71 ,9492.91 ,8619.45 ,26.87B,5.80%
2012年12月,10395.18 ,9484.20 ,10433.63 ,9376.97 ,34.33B,10.05%
2013年1月,11138.66 ,10604.50 ,11145.38 ,10398.61 ,43.36B,7.15%
2013年2月,11559.36 ,11193.72 ,11662.52 ,11046.92 ,53.00B,3.78%
2013年3月,12397.91 ,11464.71 ,12650.26 ,11464.71 ,42.52B,7.25%
2013年4月,13860.86 ,12371.34 ,13983.87 ,11805.78 ,62.12B,11.80%
2013年5月,13774.54 ,13837.72 ,15942.60 ,13555.66 ,71.91B,-0.62%
2013年6月,13677.32 ,13551.36 ,13724.44 ,12415.85 ,47.55B,-0.71%
2013年7月,13668.32 ,13746.72 ,14953.29 ,13562.70 ,41.45B,-0.07%
2013年8月,13388.86 ,13674.50 ,14466.16 ,13188.14 ,31.59B,-2.04%
2013年9月,14455.80 ,13438.07 ,14817.50 ,13407.53 ,29.09B,7.97%
2013年10月,14327.94 ,14517.98 ,14799.28 ,13748.94 ,30.95B,-0.88%
2013年11月,15661.87 ,14403.07 ,15729.09 ,14026.17 ,31.76B,9.31%
2013年12月,16291.31 ,15659.74 ,16320.22 ,15112.54 ,31.51B,4.02%
2014年1月,14914.53 ,16147.54 ,16164.01 ,14764.57 ,37.35B,-8.45%
2014年2月,14841.07 ,14788.56 ,15094.54 ,13995.86 ,33.90B,-0.49%
2014年3月,14827.83 ,14666.93 ,15312.60 ,14203.21 ,30.12B,-0.09%
2014年4月,14304.11 ,14870.51 ,15164.39 ,13885.11 ,25.75B,-3.53%
2014年5月,14632.38 ,14341.09 ,14744.16 ,13964.43 ,25.60B,2.29%
2014年6月,15162.10 ,14777.51 ,15442.67 ,14777.51 ,27.15B,3.62%
2014年7月,15620.77 ,15179.64 ,15759.66 ,15101.49 ,24.68B,3.03%
2014年8月,15424.59 ,15511.54 ,15628.78 ,14753.84 ,23.01B,-1.26%
2014年9月,16173.52 ,15454.59 ,16374.14 ,15440.99 ,25.30B,4.86%
2014年10月,16413.76 ,16173.39 ,16533.91 ,14529.03 ,34.36B,1.49%
2014年11月,17459.85 ,16732.85 ,17520.54 ,16713.37 ,31.55B,6.37%
2014年12月,17450.77 ,17475.10 ,18030.83 ,16672.94 ,29.63B,-0.05%
2015年1月,17674.39 ,17325.68 ,17850.59 ,16592.57 ,26.92B,1.28%
2015年2月,18797.94 ,17536.61 ,18865.39 ,17271.87 ,29.75B,6.36%
2015年3月,19206.99 ,18869.40 ,19778.60 ,18577.06 ,31.92B,2.18%
2015年4月,19520.01 ,19129.75 ,20252.12 ,18927.95 ,30.47B,1.63%
2015年5月,20563.15 ,19510.85 ,20655.33 ,19257.85 ,32.92B,5.34%
2015年6月,20235.73 ,20444.54 ,20952.71 ,19990.55 ,34.65B,-1.59%
2015年7月,20585.24 ,20291.05 ,20850.00 ,19115.20 ,33.18B,1.73%
2015年8月,18890.48 ,20540.21 ,20946.93 ,17714.30 ,37.28B,-8.23%
2015年9月,17388.15 ,18763.72 ,18777.47 ,16901.49 ,31.33B,-7.95%
2015年10月,19083.10 ,17479.97 ,19202.34 ,17389.57 ,29.80B,9.75%
2015年11月,19747.47 ,18827.11 ,19994.05 ,18641.22 ,25.60B,3.48%
2015年12月,19033.71 ,19799.08 ,20012.40 ,18562.51 ,27.53B,-3.61%
2016年1月,17518.30 ,18818.58 ,18951.12 ,16017.26 ,32.41B,-7.96%
2016年2月,16026.76 ,17699.60 ,17905.37 ,14865.77 ,41.74B,-8.51%
2016年3月,16758.67 ,16013.00 ,17291.35 ,15857.37 ,33.07B,4.57%
2016年4月,16666.05 ,16719.56 ,17613.56 ,15471.80 ,32.30B,-0.55%
2016年5月,17234.98 ,16357.10 ,17251.36 ,15975.47 ,25.72B,3.41%
2016年6月,15575.92 ,17097.22 ,17145.95 ,14864.01 ,30.96B,-9.63%
2016年7月,16569.27 ,15698.02 ,16938.96 ,15106.52 ,28.17B,6.38%
2016年8月,16887.40 ,16415.31 ,16943.67 ,15921.04 ,26.76B,1.92%
2016年9月,16449.84 ,16885.16 ,17156.36 ,16285.41 ,24.93B,-2.59%
2016年10月,17425.02 ,16566.03 ,17461.03 ,16554.83 ,22.23B,5.93%
2016年11月,18308.48 ,17380.54 ,18482.94 ,16111.81 ,32.37B,5.07%
2016年12月,19114.37 ,18535.24 ,19592.90 ,18227.39 ,30.79B,4.40%
2017年1月,19041.34 ,19298.68 ,19615.40 ,18650.33 ,24.08B,-0.38%
2017年2月,19118.99 ,18926.97 ,19519.44 ,18805.32 ,26.06B,0.41%
2017年3月,18909.26 ,19226.94 ,19668.01 ,18909.26 ,26.46B,-1.10%
2017年4月,19196.74 ,18988.00 ,19289.43 ,18224.68 ,24.29B,1.52%
2017年5月,19650.57 ,19154.03 ,19998.49 ,19144.62 ,22.99B,2.36%
2017年6月,20033.43 ,19692.16 ,20318.11 ,19686.32 ,23.99B,1.95%
2017年7月,19925.18 ,20056.32 ,20200.88 ,19856.65 ,18.46B,-0.54%
2017年8月,19646.24 ,19907.08 ,20113.73 ,19280.02 ,19.34B,-1.40%
2017年9月,20356.28 ,19733.57 ,20481.27 ,19239.52 ,18.63B,3.61%
2017年10月,22011.61 ,20400.51 ,22086.88 ,20363.28 ,19.31B,8.13%
2017年11月,22724.96 ,22144.92 ,23382.15 ,21972.34 ,20.43B,3.24%
2017年12月,22764.94 ,22916.93 ,22994.33 ,22119.21 ,16.31B,0.18%
2018年1月,23098.29 ,23073.73 ,24129.34 ,23065.20 ,16.56B,1.46%
2018年2月,22068.24 ,23276.10 ,23492.77 ,20950.15 ,18.97B,-4.46%
2018年3月,21454.30 ,21901.13 ,21971.16 ,20347.49 ,17.86B,-2.78%
2018年4月,22467.87 ,21441.57 ,22495.56 ,21056.02 ,14.29B,4.72%
2018年5月,22201.82 ,22453.42 ,23050.39 ,21931.65 ,16.57B,-1.18%
2018年6月,22304.51 ,22126.25 ,23011.57 ,22038.40 ,15.60B,0.46%
2018年7月,22553.72 ,22233.80 ,22949.32 ,21462.95 ,15.71B,1.12%
2018年8月,22865.15 ,22642.18 ,23032.17 ,21851.32 ,15.62B,1.38%
2018年9月,24120.04 ,22819.17 ,24286.10 ,22172.90 ,14.92B,5.49%
2018年10月,21920.46 ,24173.37 ,24448.07 ,20971.93 ,18.79B,-9.12%
2018年11月,22351.06 ,21906.41 ,22583.43 ,21243.38 ,17.41B,1.96%
2018年12月,20014.77 ,22629.39 ,22698.79 ,18948.58 ,16.75B,-10.45%
2019年1月,20773.49 ,19655.13 ,20892.68 ,19241.37 ,13.76B,3.79%
2019年2月,21385.16 ,20797.03 ,21610.88 ,20315.31 ,13.15B,2.94%
2019年3月,21205.81 ,21490.02 ,21860.39 ,20911.57 ,14.40B,-0.84%
2019年4月,22258.73 ,21500.89 ,22362.92 ,21471.12 ,12.74B,4.97%
2019年5月,20601.19 ,22184.40 ,22190.49 ,20581.58 ,15.03B,-7.45%
2019年6月,21275.92 ,20327.87 ,21497.82 ,20289.64 ,12.32B,3.28%
2019年7月,21521.53 ,21566.27 ,21823.07 ,20993.44 ,12.05B,1.15%
2019年8月,20704.37 ,21361.58 ,21556.69 ,20110.76 ,13.90B,-3.80%
2019年9月,21755.84 ,20625.75 ,22255.56 ,20554.16 ,14.38B,5.08%
2019年10月,22927.04 ,21831.44 ,23008.43 ,21276.01 ,13.48B,5.38%
2019年11月,23293.91 ,22730.49 ,23608.06 ,22705.60 ,13.57B,1.60%
2019年12月,23656.62 ,23388.63 ,24091.12 ,23044.78 ,11.73B,1.56%
2020年1月,23204.76 ,23271.00 ,23578.00 ,22934.50 ,-,-1.91%